{
    "cars":[
    {
    "id":"4seater",
    "name":"SUV",
    "Model":2023,
    "Luggage":"2 bags",
    "photo":"/assets/4seater1.jfif"

},
{

    "id":"5seater",
    "name":"Seaden",
    "Model":2022,
    "Luggage":"6 bags",
    "photo":"/assets/5seater.jfif"

},
{
    "id":"6seater",
    "name":"Bmw",
    "Model":2021,
    "Luggage":"3 bags",
    "photo":"/assets/6seater.jfif"
},
{
    "id":"7seater",
    "name":"RollsRoyce",
    "Model":2020,
    "Luggage":"4 bags",
    "photo":"/assets/7seater.jfif"
},
{
    "id":"luxuary",
    "name":"Tempo",
    "Model":2016,
    "Luggage":"6 bags",
    "photo":"/assets/luxuary car.jfif"
}
]
}